{"cameraMode":{"drawMode":0,"name":"Shaded","section":"Shading Mode"},"sceneLighting":true,"audioPlay":false,"sceneViewState":{"m_AlwaysRefresh":false,"showFog":true,"showSkybox":true,"showFlares":true,"showImageEffects":true,"showParticleSystems":true,"showVisualEffectGraphs":true,"m_FxEnabled":true},"in2DMode":false,"pivot":{"x":-27.942523956298829,"y":-9.600255966186524,"z":-95.60578918457031},"rotation":{"x":-0.006966735702008009,"y":0.9789283871650696,"z":-0.20130270719528199,"w":-0.033791422843933108},"size":35.55219650268555,"orthographic":false}